{"armature":[{"aabb":{"width":268.0647058823523,"y":-288.4924058478179,"height":289.6567647058824,"x":-128.82544854629865},"skin":[{"name":"","slot":[{"display":[{"uvs":[0.77612,0,0.68828,0.05535,0.3555,0.08837,0.32156,0.04062,0.27844,0.04403,0.27381,0.06558,0.24298,0.05062,0.24609,0.07705,0.17055,0.05876,0.09197,0.08023,0.04117,0.14295,0.08726,0.14295,0.02815,0.20403,0,0.26736,0,0.34752,0.02272,0.30612,0.00767,0.37465,0.0131,0.4386,0.04689,0.48713,0.05593,0.43023,0.07641,0.48264,0.09515,0.48132,0.12829,0.49814,0.12706,0.55419,0.17656,0.61054,0.20673,0.61643,0.25745,0.74558,0.26404,0.78116,0.22192,0.84705,0.18017,0.88907,0.21216,0.94016,0.27019,0.95698,0.3275,0.94659,0.3937,1,0.54754,1,0.59269,0.98279,0.64761,1,0.76462,1,0.8474,0.94465,0.92388,0.96535,1,0.92326,1,0.86899,0.95355,0.79209,0.97945,0.65256,0.95962,0.44566,0.94754,0.35062,0.95912,0.3055,0.87511,0.17233,0.92699,0.08643,0.93307,0.05023,0.85644,0,0.29229,0.18178,0.21038,0.27946,0.19185,0.38543,0.25213,0.45163,0.46537,0.45163,0.68172,0.48636,0.84395,0.46651,0.90271,0.32744,0.84707,0.18342],"slotPose":[0.9999999999999977,1.1338152638984411e-14,-1.1338152638984411e-14,0.9999999999999977,-14.121615725235902,-98.11534889509775],"vertices":[57.24,-96.75,39.029999999999994,-86.04,-29.955,-79.64999999999999,-36.989999999999995,-88.89,-45.93,-88.23,-46.89,-84.05999999999999,-53.279999999999994,-86.955,-52.635,-81.84,-68.295,-85.38000000000001,-84.585,-81.225,-95.115,-69.09,-85.55999999999999,-69.09,-97.815,-57.27,-103.64999999999999,-45.015,-103.64999999999999,-29.504999999999995,-98.94,-37.515,-102.05999999999999,-24.255,-100.93499999999999,-11.88,-93.93,-2.49,-92.055,-13.5,-87.80999999999999,-3.36,-83.925,-3.615,-77.055,-0.36,-77.30999999999999,10.485000000000001,-67.05,21.389999999999997,-60.795,22.529999999999998,-50.279999999999994,47.52,-48.915,54.404999999999994,-57.644999999999996,67.155,-66.3,75.285,-59.67,85.16999999999999,-47.64,88.425,-35.76,86.415,-22.035,96.75,9.855,96.75,19.215,93.41999999999999,30.599999999999998,96.75,54.855,96.75,72.015,86.04,87.86999999999999,90.04499999999999,103.64999999999999,81.89999999999999,103.64999999999999,71.39999999999999,94.02,56.52,99.39,29.52,95.28,-10.514999999999999,92.77499999999999,-28.904999999999998,95.175,-37.635,77.75999999999999,-63.404999999999994,88.515,-80.02499999999999,89.77499999999999,-87.03,73.89,-96.75,-43.059,-61.574999999999996,-60.038999999999994,-42.675,-63.879,-22.17,-51.384,-9.36,-7.178999999999999,-9.36,37.671,-2.64,71.30099999999999,-6.48,83.481,-33.39,71.946,-61.25999999999999],"path":"图层_2","edges":[0,1,1,2,2,3,3,4,4,5,5,6,6,7,7,8,8,9,9,10,10,11,11,12,12,13,13,14,14,15,15,16,16,17,17,18,18,19,19,20,20,21,21,22,22,23,23,24,24,25,25,26,26,27,27,28,28,29,29,30,30,31,31,32,32,33,33,34,34,35,35,36,36,37,37,38,38,39,39,40,40,41,41,42,42,43,43,44,44,45,45,46,46,47,47,48,48,49,49,50,50,0],"name":"图层_2","type":"mesh","transform":{"skY":-61.0146,"y":57.709469999999996,"skX":-61.0146,"x":11.576220000000001},"triangles":[44,57,43,42,39,41,41,39,40,38,39,42,47,58,46,56,42,43,57,56,43,47,59,58,56,38,42,45,58,44,58,57,44,58,45,46,56,36,38,50,48,49,35,36,56,50,47,48,0,59,50,50,59,47,59,56,58,56,57,58,0,1,59,36,37,38,1,56,59,55,35,56,55,56,1,55,27,35,26,27,55,27,32,34,27,34,35,2,55,1,2,51,55,32,33,34,25,26,55,52,54,51,54,25,55,51,54,55,52,53,54,28,31,32,27,28,32,3,5,2,5,51,2,5,7,51,4,5,3,11,52,7,28,30,31,7,52,51,22,23,24,22,24,25,8,11,7,22,25,54,6,7,5,29,30,28,53,22,54,11,12,52,15,53,52,12,15,52,9,11,8,15,19,53,21,22,53,19,21,53,15,16,19,13,15,12,10,11,9,19,20,21,17,18,19,16,17,19,13,14,15],"width":207,"bonePose":[2,-0.06426758010675088,-0.997932702213539,0.997932702213539,-0.06426758010675088,-7.528238013443816,-17.96274978122114,5,-0.9777860951894938,-0.20960522907140847,0.20960522907140847,-0.9777860951894938,-67.29,-167.27999999999997,7,-0.6419025063694935,0.7667862624725078,-0.7667862624725078,-0.6419025063694935,-99.24,-157.515,6,-0.27207461206722217,0.9622761586303933,-0.9622761586303933,-0.27207461206722217,-104.88000000000002,-130.81499999999997,9,-0.6408583268940542,0.7676591723222894,-0.7676591723222894,-0.6408583268940542,-49.65,-134.205,8,0.48458600603127033,0.874743621159166,-0.874743621159166,0.48458600603127033,14.085,-139.65],"height":193,"weights":[1,2,1,1,2,1,1,2,1,1,2,1,1,2,1,1,2,1,1,2,1,1,5,1,1,5,1,1,5,1,1,5,1,1,2,1,1,7,1,2,2,0.01,7,0.99,1,7,1,1,7,1,1,6,1,2,2,0.05,6,0.9500000000000001,1,6,1,1,6,1,1,2,1,1,2,1,1,2,1,1,2,1,1,2,1,1,2,1,1,2,1,1,2,1,1,2,1,1,2,1,1,2,1,1,2,1,1,2,1,1,2,1,1,2,1,1,2,1,1,2,1,1,2,1,1,2,1,1,2,1,1,2,1,1,2,1,1,2,1,1,2,1,1,2,1,1,2,1,1,2,1,1,2,1,1,2,1,1,2,1,1,2,1,1,9,1,1,9,1,1,9,1,1,9,1,2,9,0.5,8,0.5,1,8,1,1,8,1,1,8,1,1,8,1],"userEdges":[]}],"name":"图层_2"},{"display":[{"uvs":[0.20356,0,0,0.16556,0,0.42822,0.08285,0.55956,0.14184,0.80356,0.22134,0.83156,0.28891,0.80978,0.35377,0.70022,0.41841,0.79089,0.45377,0.716,0.60105,0.90667,0.63033,0.77222,0.7569,0.98178,0.84812,0.99733,0.95418,0.81311,1,0.86289,1,0.48778,0.96004,0.39067,0.96297,0.33133,0.77176,0.10933,0.56862,0.06244,0.61276,0,0.34498,0,0.2772,0.03756,0.25356,0,0.2388,0.14445,0.09674,0.31734,0.80762,0.79623,0.91997,0.64712,0.84319,0.41867,0.67478,0.25956],"slotPose":[1.0000000000000075,1.1261824806041432e-14,-1.1261824806041432e-14,1.0000000000000075,92.37838427476461,-149.1153488950961],"vertices":[-21.255,-33.75,-35.85,-22.575,-35.85,-4.845,-29.91,4.02,-25.679999999999996,20.49,-19.979999999999997,22.38,-15.135,20.91,-10.485000000000001,13.514999999999999,-5.85,19.635,-3.315,14.58,7.244999999999999,27.45,9.344999999999999,18.375,18.419999999999998,32.52,24.96,33.57,32.565,21.135,35.85,24.495,35.85,-0.825,32.985,-7.38,33.195,-11.385,19.485,-26.37,4.919999999999999,-29.535,8.084999999999999,-33.75,-11.114999999999998,-33.75,-15.975,-31.214999999999996,-17.669999999999998,-33.75,-18.729,-24,-28.913999999999998,-12.33,22.055999999999997,19.995,30.111,9.93,24.605999999999998,-5.49,12.531,-16.23],"path":"图层_5","edges":[0,1,1,2,2,3,3,4,4,5,5,6,6,7,7,8,8,9,9,10,10,11,11,12,12,13,13,14,14,15,15,16,16,17,17,18,18,19,19,20,20,21,21,22,22,23,23,24,24,0],"name":"图层_5","type":"mesh","transform":{"skY":-88.3283,"y":22.105289999999997,"skX":-88.3283,"x":-13.56597},"triangles":[17,29,16,29,28,16,16,28,15,28,14,15,19,30,29,28,27,14,27,13,14,29,17,18,19,29,18,29,11,28,11,27,28,9,11,30,30,11,29,27,12,13,20,30,19,7,9,30,25,7,30,20,25,30,25,26,7,22,20,21,22,25,20,23,25,22,26,3,7,7,8,9,4,6,7,3,4,7,4,5,6,24,0,23,0,25,23,0,1,25,1,26,25,2,3,26,1,2,26,9,10,11,11,12,27],"width":71,"bonePose":[14,0.9086994297451139,-0.4174510107556351,0.4174510107556351,0.9086994297451139,78.52499999999998,-174.08999999999995,13,0.9149178015729297,0.4036402065762933,-0.4036402065762933,0.9149178015729297,97.19999999999997,-172.68,12,0.319323444240169,0.9476457871792556,-0.9476457871792556,0.319323444240169,119.715,-156.855,10,0.029172128496450622,0.9995744028930422,-0.9995744028930422,0.029172128496450622,114.86999999999999,-136.2,3,0.9319979364639841,0.3624635794488475,-0.3624635794488475,0.9319979364639841,71.41873339475981,-163.99434497516143],"height":67,"weights":[1,3,1,1,3,1,1,3,1,1,3,1,1,3,1,1,3,1,1,3,1,1,3,1,2,3,0.88,10,0.12,2,3,0.8,10,0.2,2,14,0.38,10,0.62,1,10,1,1,10,1,1,10,1,1,14,1,1,12,1,1,12,1,1,12,1,1,14,1,1,13,1,1,13,1,1,14,1,1,14,1,1,14,1,1,14,1,1,14,1,1,3,1,1,14,1,1,14,1,1,14,1,1,14,1],"userEdges":[]}],"name":"图层_5"},{"display":[{"path":"图层_3","type":"image","name":"图层_3","transform":{"skY":90.7148,"y":8.62746,"skX":90.7148,"x":49.06719}}],"name":"图层_3"},{"display":[{"path":"图层_4","type":"image","name":"图层_4","transform":{"skY":-127.0783,"y":-22.708409999999997,"skX":-127.0783,"x":33.30102}}],"name":"图层_4"}]}],"type":"Armature","frameRate":24,"animation":[{"bone":[{"frame":[{"duration":24,"transform":{}}],"name":"root"},{"frame":[{"duration":24,"transform":{}}],"name":"bone"},{"frame":[{"duration":24,"transform":{}}],"name":"图层_2"},{"frame":[{"duration":24,"transform":{}}],"name":"图层_5"},{"frame":[{"tweenEasing":0,"duration":12,"transform":{}},{"tweenEasing":0,